<Material name="simpleMaterial" shaderProgram="simpleShader" >
</Material>

<Material name="cobblestone" shaderProgram="lightingShader" >
	  <Uniform name="time" type="float">0.0</Uniform>
	  <Uniform name="uDiffuseMap" type="texture">CobblestoneDiffuse</Uniform>
	  <Uniform name="uNormalMap" type="texture">CobblestoneNormal</Uniform>
	  <Uniform name="uEmissiveMap" type="texture">CobblestoneEmissive</Uniform>
	  <Uniform name="uSpecularMap" type="texture">CobblestoneSpecular</Uniform>
	  <Uniform name="lightPos" type="vec3f"></Uniform>
	  <Uniform name="unlit" type="int" >0</Uniform>
	  <Uniform name="renderTangentSpace" type="int" >1</Uniform>
	  <Uniform name="cameraPos" type="vec3f" ></Uniform>
	  <Uniform name="enableDiffuse" type="int" >1</Uniform>
	  <Uniform name="enableSpecular" type="int" >1</Uniform>
	  <Uniform name="enableFog" type="int" >1</Uniform>
	  <Uniform name="enableEmissive" type="int" >1</Uniform>
	  <Uniform name="enableParallax" type="int" >1</Uniform>
</Material>

<Material name="DebugMaterial" shaderProgram="DebugShader" >
    <Uniform name="uAlpha" type="float" >1.0</Uniform>
    <Uniform name="uColor" type="vec3f" >1,1,1</Uniform>
</Material>

<Material name="FBOMaterial" shaderProgram="FBOShader" >
    <Uniform name="uAspectRatio" type="float">0</Uniform>
    <Uniform name="uScreenWidth" type="int">1024</Uniform>
    <Uniform name="uScreenHeight" type="int">768</Uniform>
</Material>

<Material name="BlurMaterialX" shaderProgram="BlurShader">
    <Uniform name="uAspectRatio" type="float">0</Uniform>
    <Uniform name="uScreenWidth" type="int">1024</Uniform>
    <Uniform name="uScreenHeight" type="int">768</Uniform>
    <Uniform name="uOrientation" type="int">0</Uniform>
    <Uniform name="uBlurAmount" type="int">40</Uniform>
    <Uniform name="uBlurScale" type="float">2.5</Uniform>
    <Uniform name="uBlurStrength" type="float">0.2</Uniform>
</Material>

<Material name="BlurMaterialY" shaderProgram="BlurShader">
  <Uniform name="uAspectRatio" type="float">0</Uniform>
  <Uniform name="uScreenWidth" type="int">1024</Uniform>
  <Uniform name="uScreenHeight" type="int">768</Uniform>
  <Uniform name="uOrientation" type="int">1</Uniform>
  <Uniform name="uBlurAmount" type="int">40</Uniform>
  <Uniform name="uBlurScale" type="float">2.5</Uniform>
  <Uniform name="uBlurStrength" type="float">0.2</Uniform>
</Material>

<Material name="GlowMapGenMaterial" shaderProgram="GlowMapGenShader">
    <Uniform name="uAspectRatio" type="float">0</Uniform>
    <Uniform name="uScreenWidth" type="int">1024</Uniform>
    <Uniform name="uScreenHeight" type="int">768</Uniform>
</Material>

<Material name="GlowShaderMaterial" shaderProgram="GlowShader">
  <Uniform name="uAspectRatio" type="float">0</Uniform>
  <Uniform name="uScreenWidth" type="int">1024</Uniform>
  <Uniform name="uScreenHeight" type="int">768</Uniform>
</Material>

<Material name="FireishMaterial" shaderProgram="FireishShader">
  <Uniform name="uAspectRatio" type="float">0</Uniform>
  <Uniform name="uScreenWidth" type="int">1024</Uniform>
  <Uniform name="uScreenHeight" type="int">768</Uniform>
  <Uniform name="uNoiseTexture" type="texture">NoiseTexture4</Uniform>
</Material>

<Material name="OutlineMaterial" shaderProgram="OutlineShader">
  <Uniform name="uAspectRatio" type="float">0</Uniform>
  <Uniform name="uScreenWidth" type="int">1024</Uniform>
  <Uniform name="uScreenHeight" type="int">768</Uniform>
</Material>
