<FontDefinition>
<FontInfo name="MainFont" locale="en" numTextureSheets="1" cellPixelHeight="72"/>
	<Glyph ucsIndex="32" sheet="0" texCoordMins="0.015625,0.015625" texCoordMaxs="0.0175781,0.0859375" ttfA="0" ttfB="0.0277778" ttfC="0.222222"/>
	<Glyph ucsIndex="33" sheet="0" texCoordMins="0.0332031,0.015625" texCoordMaxs="0.0429688,0.0859375" ttfA="0.0833333" ttfB="0.138889" ttfC="0.0833333"/>
	<Glyph ucsIndex="34" sheet="0" texCoordMins="0.0585938,0.015625" texCoordMaxs="0.0771484,0.0859375" ttfA="0.0277778" ttfB="0.263889" ttfC="0.0138889"/>
	<Glyph ucsIndex="35" sheet="0" texCoordMins="0.0927734,0.015625" texCoordMaxs="0.126953,0.0859375" ttfA="0.0138889" ttfB="0.486111" ttfC="0"/>
	<Glyph ucsIndex="36" sheet="0" texCoordMins="0.142578,0.015625" texCoordMaxs="0.168945,0.0859375" ttfA="0.0555556" ttfB="0.375" ttfC="0.0555556"/>
	<Glyph ucsIndex="37" sheet="0" texCoordMins="0.18457,0.015625" texCoordMaxs="0.220703,0.0859375" ttfA="0.0138889" ttfB="0.513889" ttfC="0.0416667"/>
	<Glyph ucsIndex="38" sheet="0" texCoordMins="0.236328,0.015625" texCoordMaxs="0.270508,0.0859375" ttfA="0.0416667" ttfB="0.486111" ttfC="0.0555556"/>
	<Glyph ucsIndex="39" sheet="0" texCoordMins="0.286133,0.015625" texCoordMaxs="0.293945,0.0859375" ttfA="0.0416667" ttfB="0.111111" ttfC="0.0416667"/>
	<Glyph ucsIndex="40" sheet="0" texCoordMins="0.30957,0.015625" texCoordMaxs="0.324219,0.0859375" ttfA="0.0555556" ttfB="0.208333" ttfC="0.0416667"/>
	<Glyph ucsIndex="41" sheet="0" texCoordMins="0.339844,0.015625" texCoordMaxs="0.354492,0.0859375" ttfA="0.0694444" ttfB="0.208333" ttfC="0.0277778"/>
	<Glyph ucsIndex="42" sheet="0" texCoordMins="0.370117,0.015625" texCoordMaxs="0.393555,0.0859375" ttfA="0.0138889" ttfB="0.333333" ttfC="0.0138889"/>
	<Glyph ucsIndex="43" sheet="0" texCoordMins="0.40918,0.015625" texCoordMaxs="0.435547,0.0859375" ttfA="0.0694444" ttfB="0.375" ttfC="0.0416667"/>
	<Glyph ucsIndex="44" sheet="0" texCoordMins="0.451172,0.015625" texCoordMaxs="0.463867,0.0859375" ttfA="0.0416667" ttfB="0.180556" ttfC="0.0833333"/>
	<Glyph ucsIndex="45" sheet="0" texCoordMins="0.479492,0.015625" texCoordMaxs="0.495117,0.0859375" ttfA="0.0416667" ttfB="0.222222" ttfC="0.0416667"/>
	<Glyph ucsIndex="46" sheet="0" texCoordMins="0.510742,0.015625" texCoordMaxs="0.521484,0.0859375" ttfA="0.0694444" ttfB="0.152778" ttfC="0.0833333"/>
	<Glyph ucsIndex="47" sheet="0" texCoordMins="0.537109,0.015625" texCoordMaxs="0.560547,0.0859375" ttfA="0" ttfB="0.333333" ttfC="0"/>
	<Glyph ucsIndex="48" sheet="0" texCoordMins="0.576172,0.015625" texCoordMaxs="0.606445,0.0859375" ttfA="0.0277778" ttfB="0.430556" ttfC="0.0277778"/>
	<Glyph ucsIndex="49" sheet="0" texCoordMins="0.62207,0.015625" texCoordMaxs="0.637695,0.0859375" ttfA="0.111111" ttfB="0.222222" ttfC="0.152778"/>
	<Glyph ucsIndex="50" sheet="0" texCoordMins="0.65332,0.015625" texCoordMaxs="0.680664,0.0859375" ttfA="0.0555556" ttfB="0.388889" ttfC="0.0416667"/>
	<Glyph ucsIndex="51" sheet="0" texCoordMins="0.696289,0.015625" texCoordMaxs="0.72168,0.0859375" ttfA="0.0694444" ttfB="0.361111" ttfC="0.0555556"/>
	<Glyph ucsIndex="52" sheet="0" texCoordMins="0.737305,0.015625" texCoordMaxs="0.767578,0.0859375" ttfA="0.0277778" ttfB="0.430556" ttfC="0.0277778"/>
	<Glyph ucsIndex="53" sheet="0" texCoordMins="0.783203,0.015625" texCoordMaxs="0.80957,0.0859375" ttfA="0.0555556" ttfB="0.375" ttfC="0.0555556"/>
	<Glyph ucsIndex="54" sheet="0" texCoordMins="0.825195,0.015625" texCoordMaxs="0.853516,0.0859375" ttfA="0.0555556" ttfB="0.402778" ttfC="0.0277778"/>
	<Glyph ucsIndex="55" sheet="0" texCoordMins="0.869141,0.015625" texCoordMaxs="0.897461,0.0859375" ttfA="0.0694444" ttfB="0.402778" ttfC="0.0138889"/>
	<Glyph ucsIndex="56" sheet="0" texCoordMins="0.913086,0.015625" texCoordMaxs="0.941406,0.0859375" ttfA="0.0416667" ttfB="0.402778" ttfC="0.0416667"/>
	<Glyph ucsIndex="57" sheet="0" texCoordMins="0.957031,0.015625" texCoordMaxs="0.985352,0.0859375" ttfA="0.0416667" ttfB="0.402778" ttfC="0.0416667"/>
	<Glyph ucsIndex="58" sheet="0" texCoordMins="0.015625,0.101563" texCoordMaxs="0.0263672,0.171875" ttfA="0.0694444" ttfB="0.152778" ttfC="0.0833333"/>
	<Glyph ucsIndex="59" sheet="0" texCoordMins="0.0419922,0.101563" texCoordMaxs="0.0546875,0.171875" ttfA="0.0416667" ttfB="0.180556" ttfC="0.0833333"/>
	<Glyph ucsIndex="60" sheet="0" texCoordMins="0.0703125,0.101563" texCoordMaxs="0.09375,0.171875" ttfA="0.0694444" ttfB="0.333333" ttfC="0.0833333"/>
	<Glyph ucsIndex="61" sheet="0" texCoordMins="0.109375,0.101563" texCoordMaxs="0.134766,0.171875" ttfA="0.0694444" ttfB="0.361111" ttfC="0.0555556"/>
	<Glyph ucsIndex="62" sheet="0" texCoordMins="0.150391,0.101563" texCoordMaxs="0.172852,0.171875" ttfA="0.111111" ttfB="0.319444" ttfC="0.0555556"/>
	<Glyph ucsIndex="63" sheet="0" texCoordMins="0.188477,0.101563" texCoordMaxs="0.209961,0.171875" ttfA="0.0277778" ttfB="0.305556" ttfC="0.0277778"/>
	<Glyph ucsIndex="64" sheet="0" texCoordMins="0.225586,0.101563" texCoordMaxs="0.266602,0.171875" ttfA="0.0277778" ttfB="0.583333" ttfC="0.0277778"/>
	<Glyph ucsIndex="65" sheet="0" texCoordMins="0.282227,0.101563" texCoordMaxs="0.319336,0.171875" ttfA="0" ttfB="0.527778" ttfC="0"/>
	<Glyph ucsIndex="66" sheet="0" texCoordMins="0.334961,0.101563" texCoordMaxs="0.363281,0.171875" ttfA="0.0555556" ttfB="0.402778" ttfC="0.0416667"/>
	<Glyph ucsIndex="67" sheet="0" texCoordMins="0.378906,0.101563" texCoordMaxs="0.410156,0.171875" ttfA="0.0277778" ttfB="0.444444" ttfC="0.0277778"/>
	<Glyph ucsIndex="68" sheet="0" texCoordMins="0.425781,0.101563" texCoordMaxs="0.456055,0.171875" ttfA="0.0555556" ttfB="0.430556" ttfC="0.0416667"/>
	<Glyph ucsIndex="69" sheet="0" texCoordMins="0.47168,0.101563" texCoordMaxs="0.498047,0.171875" ttfA="0.0555556" ttfB="0.375" ttfC="0.0416667"/>
	<Glyph ucsIndex="70" sheet="0" texCoordMins="0.513672,0.101563" texCoordMaxs="0.541016,0.171875" ttfA="0.0555556" ttfB="0.388889" ttfC="0.0416667"/>
	<Glyph ucsIndex="71" sheet="0" texCoordMins="0.556641,0.101563" texCoordMaxs="0.591797,0.171875" ttfA="0.0277778" ttfB="0.5" ttfC="0.0277778"/>
	<Glyph ucsIndex="72" sheet="0" texCoordMins="0.607422,0.101563" texCoordMaxs="0.638672,0.171875" ttfA="0.0555556" ttfB="0.444444" ttfC="0.0694444"/>
	<Glyph ucsIndex="73" sheet="0" texCoordMins="0.654297,0.101563" texCoordMaxs="0.662109,0.171875" ttfA="0.0555556" ttfB="0.111111" ttfC="0.0694444"/>
	<Glyph ucsIndex="74" sheet="0" texCoordMins="0.677734,0.101563" texCoordMaxs="0.705078,0.171875" ttfA="0" ttfB="0.388889" ttfC="0.0555556"/>
	<Glyph ucsIndex="75" sheet="0" texCoordMins="0.720703,0.101563" texCoordMaxs="0.75293,0.171875" ttfA="0.0555556" ttfB="0.458333" ttfC="0"/>
	<Glyph ucsIndex="76" sheet="0" texCoordMins="0.768555,0.101563" texCoordMaxs="0.794922,0.171875" ttfA="0.0555556" ttfB="0.375" ttfC="0.0277778"/>
	<Glyph ucsIndex="77" sheet="0" texCoordMins="0.810547,0.101563" texCoordMaxs="0.853516,0.171875" ttfA="0.0138889" ttfB="0.611111" ttfC="0"/>
	<Glyph ucsIndex="78" sheet="0" texCoordMins="0.869141,0.101563" texCoordMaxs="0.900391,0.171875" ttfA="0.0555556" ttfB="0.444444" ttfC="0.0555556"/>
	<Glyph ucsIndex="79" sheet="0" texCoordMins="0.916016,0.101563" texCoordMaxs="0.953125,0.171875" ttfA="0.0277778" ttfB="0.527778" ttfC="0.0277778"/>
	<Glyph ucsIndex="80" sheet="0" texCoordMins="0.96875,0.101563" texCoordMaxs="0.996094,0.171875" ttfA="0.0555556" ttfB="0.388889" ttfC="0.0416667"/>
	<Glyph ucsIndex="81" sheet="0" texCoordMins="0.015625,0.1875" texCoordMaxs="0.0585938,0.257813" ttfA="0.0277778" ttfB="0.611111" ttfC="-0.0416667"/>
	<Glyph ucsIndex="82" sheet="0" texCoordMins="0.0742188,0.1875" texCoordMaxs="0.106445,0.257813" ttfA="0.0555556" ttfB="0.458333" ttfC="0"/>
	<Glyph ucsIndex="83" sheet="0" texCoordMins="0.12207,0.1875" texCoordMaxs="0.148438,0.257813" ttfA="0.0277778" ttfB="0.375" ttfC="0.0277778"/>
	<Glyph ucsIndex="84" sheet="0" texCoordMins="0.164063,0.1875" texCoordMaxs="0.197266,0.257813" ttfA="0.0138889" ttfB="0.472222" ttfC="0.0138889"/>
	<Glyph ucsIndex="85" sheet="0" texCoordMins="0.212891,0.1875" texCoordMaxs="0.243164,0.257813" ttfA="0.0555556" ttfB="0.430556" ttfC="0.0694444"/>
	<Glyph ucsIndex="86" sheet="0" texCoordMins="0.258789,0.1875" texCoordMaxs="0.294922,0.257813" ttfA="0" ttfB="0.513889" ttfC="0"/>
	<Glyph ucsIndex="87" sheet="0" texCoordMins="0.310547,0.1875" texCoordMaxs="0.362305,0.257813" ttfA="0" ttfB="0.736111" ttfC="0"/>
	<Glyph ucsIndex="88" sheet="0" texCoordMins="0.37793,0.1875" texCoordMaxs="0.413086,0.257813" ttfA="0" ttfB="0.5" ttfC="0"/>
	<Glyph ucsIndex="89" sheet="0" texCoordMins="0.428711,0.1875" texCoordMaxs="0.463867,0.257813" ttfA="0" ttfB="0.5" ttfC="0.0138889"/>
	<Glyph ucsIndex="90" sheet="0" texCoordMins="0.479492,0.1875" texCoordMaxs="0.507813,0.257813" ttfA="0.0277778" ttfB="0.402778" ttfC="0.0277778"/>
	<Glyph ucsIndex="91" sheet="0" texCoordMins="0.523438,0.1875" texCoordMaxs="0.538086,0.257813" ttfA="0.0694444" ttfB="0.208333" ttfC="0.0555556"/>
	<Glyph ucsIndex="92" sheet="0" texCoordMins="0.553711,0.1875" texCoordMaxs="0.575195,0.257813" ttfA="0" ttfB="0.305556" ttfC="0"/>
	<Glyph ucsIndex="93" sheet="0" texCoordMins="0.59082,0.1875" texCoordMaxs="0.605469,0.257813" ttfA="0.0555556" ttfB="0.208333" ttfC="0.0694444"/>
	<Glyph ucsIndex="94" sheet="0" texCoordMins="0.621094,0.1875" texCoordMaxs="0.644531,0.257813" ttfA="0.0694444" ttfB="0.333333" ttfC="0.0833333"/>
	<Glyph ucsIndex="95" sheet="0" texCoordMins="0.660156,0.1875" texCoordMaxs="0.694336,0.257813" ttfA="0" ttfB="0.486111" ttfC="0"/>
	<Glyph ucsIndex="96" sheet="0" texCoordMins="0.709961,0.1875" texCoordMaxs="0.723633,0.257813" ttfA="0.138889" ttfB="0.194444" ttfC="0.152778"/>
	<Glyph ucsIndex="97" sheet="0" texCoordMins="0.739258,0.1875" texCoordMaxs="0.766602,0.257813" ttfA="0.0277778" ttfB="0.388889" ttfC="0.0277778"/>
	<Glyph ucsIndex="98" sheet="0" texCoordMins="0.782227,0.1875" texCoordMaxs="0.810547,0.257813" ttfA="0.0416667" ttfB="0.402778" ttfC="0.0416667"/>
	<Glyph ucsIndex="99" sheet="0" texCoordMins="0.826172,0.1875" texCoordMaxs="0.852539,0.257813" ttfA="0.0277778" ttfB="0.375" ttfC="0.0277778"/>
	<Glyph ucsIndex="100" sheet="0" texCoordMins="0.868164,0.1875" texCoordMaxs="0.896484,0.257813" ttfA="0.0277778" ttfB="0.402778" ttfC="0.0555556"/>
	<Glyph ucsIndex="101" sheet="0" texCoordMins="0.912109,0.1875" texCoordMaxs="0.941406,0.257813" ttfA="0.0277778" ttfB="0.416667" ttfC="0.0277778"/>
	<Glyph ucsIndex="102" sheet="0" texCoordMins="0.957031,0.1875" texCoordMaxs="0.978516,0.257813" ttfA="0.0138889" ttfB="0.305556" ttfC="0"/>
	<Glyph ucsIndex="103" sheet="0" texCoordMins="0.015625,0.273438" texCoordMaxs="0.0439453,0.34375" ttfA="0.0138889" ttfB="0.402778" ttfC="0"/>
	<Glyph ucsIndex="104" sheet="0" texCoordMins="0.0595703,0.273438" texCoordMaxs="0.0869141,0.34375" ttfA="0.0555556" ttfB="0.388889" ttfC="0.0416667"/>
	<Glyph ucsIndex="105" sheet="0" texCoordMins="0.102539,0.273438" texCoordMaxs="0.115234,0.34375" ttfA="0.0277778" ttfB="0.180556" ttfC="0.0416667"/>
	<Glyph ucsIndex="106" sheet="0" texCoordMins="0.130859,0.273438" texCoordMaxs="0.148438,0.34375" ttfA="0" ttfB="0.25" ttfC="0.0694444"/>
	<Glyph ucsIndex="107" sheet="0" texCoordMins="0.164063,0.273438" texCoordMaxs="0.192383,0.34375" ttfA="0.0555556" ttfB="0.402778" ttfC="0"/>
	<Glyph ucsIndex="108" sheet="0" texCoordMins="0.208008,0.273438" texCoordMaxs="0.21875,0.34375" ttfA="0.0694444" ttfB="0.152778" ttfC="0.0277778"/>
	<Glyph ucsIndex="109" sheet="0" texCoordMins="0.234375,0.273438" texCoordMaxs="0.277344,0.34375" ttfA="0.0555556" ttfB="0.611111" ttfC="0.0416667"/>
	<Glyph ucsIndex="110" sheet="0" texCoordMins="0.292969,0.273438" texCoordMaxs="0.320313,0.34375" ttfA="0.0555556" ttfB="0.388889" ttfC="0.0416667"/>
	<Glyph ucsIndex="111" sheet="0" texCoordMins="0.335938,0.273438" texCoordMaxs="0.365234,0.34375" ttfA="0.0277778" ttfB="0.416667" ttfC="0.0277778"/>
	<Glyph ucsIndex="112" sheet="0" texCoordMins="0.380859,0.273438" texCoordMaxs="0.40918,0.34375" ttfA="0.0416667" ttfB="0.402778" ttfC="0.0416667"/>
	<Glyph ucsIndex="113" sheet="0" texCoordMins="0.424805,0.273438" texCoordMaxs="0.453125,0.34375" ttfA="0.0277778" ttfB="0.402778" ttfC="0.0555556"/>
	<Glyph ucsIndex="114" sheet="0" texCoordMins="0.46875,0.273438" texCoordMaxs="0.489258,0.34375" ttfA="0.0555556" ttfB="0.291667" ttfC="0.0138889"/>
	<Glyph ucsIndex="115" sheet="0" texCoordMins="0.504883,0.273438" texCoordMaxs="0.526367,0.34375" ttfA="0.0277778" ttfB="0.305556" ttfC="0.0277778"/>
	<Glyph ucsIndex="116" sheet="0" texCoordMins="0.541992,0.273438" texCoordMaxs="0.5625,0.34375" ttfA="0.0138889" ttfB="0.291667" ttfC="0.0277778"/>
	<Glyph ucsIndex="117" sheet="0" texCoordMins="0.578125,0.273438" texCoordMaxs="0.605469,0.34375" ttfA="0.0555556" ttfB="0.388889" ttfC="0.0416667"/>
	<Glyph ucsIndex="118" sheet="0" texCoordMins="0.621094,0.273438" texCoordMaxs="0.652344,0.34375" ttfA="0" ttfB="0.444444" ttfC="0"/>
	<Glyph ucsIndex="119" sheet="0" texCoordMins="0.667969,0.273438" texCoordMaxs="0.712891,0.34375" ttfA="0" ttfB="0.638889" ttfC="0"/>
	<Glyph ucsIndex="120" sheet="0" texCoordMins="0.728516,0.273438" texCoordMaxs="0.760742,0.34375" ttfA="0" ttfB="0.458333" ttfC="0"/>
	<Glyph ucsIndex="121" sheet="0" texCoordMins="0.776367,0.273438" texCoordMaxs="0.807617,0.34375" ttfA="0" ttfB="0.444444" ttfC="0"/>
	<Glyph ucsIndex="122" sheet="0" texCoordMins="0.823242,0.273438" texCoordMaxs="0.850586,0.34375" ttfA="0.0277778" ttfB="0.388889" ttfC="0.0277778"/>
	<Glyph ucsIndex="123" sheet="0" texCoordMins="0.866211,0.273438" texCoordMaxs="0.888672,0.34375" ttfA="0.0138889" ttfB="0.319444" ttfC="0.0277778"/>
	<Glyph ucsIndex="124" sheet="0" texCoordMins="0.904297,0.273438" texCoordMaxs="0.911133,0.34375" ttfA="0.194444" ttfB="0.0972222" ttfC="0.194444"/>
	<Glyph ucsIndex="125" sheet="0" texCoordMins="0.926758,0.273438" texCoordMaxs="0.948242,0.34375" ttfA="0.0277778" ttfB="0.305556" ttfC="0.0277778"/>
	<Glyph ucsIndex="126" sheet="0" texCoordMins="0.963867,0.273438" texCoordMaxs="0.987305,0.34375" ttfA="0.0694444" ttfB="0.333333" ttfC="0.0833333"/>
	<Glyph ucsIndex="127" sheet="0" texCoordMins="0.015625,0.359375" texCoordMaxs="0.0556641,0.429688" ttfA="0.0972222" ttfB="0.569444" ttfC="0.0972222"/>
	<Glyph ucsIndex="128" sheet="0" texCoordMins="0.0712891,0.359375" texCoordMaxs="0.102539,0.429688" ttfA="0.0277778" ttfB="0.444444" ttfC="0.0138889"/>
	<Glyph ucsIndex="129" sheet="0" texCoordMins="0.118164,0.359375" texCoordMaxs="0.158203,0.429688" ttfA="0.0972222" ttfB="0.569444" ttfC="0.0972222"/>
	<Glyph ucsIndex="130" sheet="0" texCoordMins="0.173828,0.359375" texCoordMaxs="0.18457,0.429688" ttfA="0.0694444" ttfB="0.152778" ttfC="0.0833333"/>
	<Glyph ucsIndex="131" sheet="0" texCoordMins="0.200195,0.359375" texCoordMaxs="0.231445,0.429688" ttfA="-0.0694444" ttfB="0.444444" ttfC="-0.0138889"/>
	<Glyph ucsIndex="132" sheet="0" texCoordMins="0.24707,0.359375" texCoordMaxs="0.270508,0.429688" ttfA="0.0555556" ttfB="0.333333" ttfC="0.0416667"/>
	<Glyph ucsIndex="133" sheet="0" texCoordMins="0.286133,0.359375" texCoordMaxs="0.323242,0.429688" ttfA="0.0416667" ttfB="0.527778" ttfC="0.0416667"/>
	<Glyph ucsIndex="134" sheet="0" texCoordMins="0.338867,0.359375" texCoordMaxs="0.365234,0.429688" ttfA="0" ttfB="0.375" ttfC="0.0138889"/>
	<Glyph ucsIndex="135" sheet="0" texCoordMins="0.380859,0.359375" texCoordMaxs="0.407227,0.429688" ttfA="0" ttfB="0.375" ttfC="0.0138889"/>
	<Glyph ucsIndex="136" sheet="0" texCoordMins="0.422852,0.359375" texCoordMaxs="0.446289,0.429688" ttfA="0.0694444" ttfB="0.333333" ttfC="0.0833333"/>
	<Glyph ucsIndex="137" sheet="0" texCoordMins="0.461914,0.359375" texCoordMaxs="0.517578,0.429688" ttfA="0.0138889" ttfB="0.791667" ttfC="0.0416667"/>
	<Glyph ucsIndex="138" sheet="0" texCoordMins="0.533203,0.359375" texCoordMaxs="0.55957,0.429688" ttfA="0.0277778" ttfB="0.375" ttfC="0.0277778"/>
	<Glyph ucsIndex="139" sheet="0" texCoordMins="0.575195,0.359375" texCoordMaxs="0.587891,0.429688" ttfA="0.0416667" ttfB="0.180556" ttfC="0.0833333"/>
	<Glyph ucsIndex="140" sheet="0" texCoordMins="0.603516,0.359375" texCoordMaxs="0.658203,0.429688" ttfA="0.0277778" ttfB="0.777778" ttfC="0.0138889"/>
	<Glyph ucsIndex="141" sheet="0" texCoordMins="0.673828,0.359375" texCoordMaxs="0.713867,0.429688" ttfA="0.0972222" ttfB="0.569444" ttfC="0.0972222"/>
	<Glyph ucsIndex="142" sheet="0" texCoordMins="0.729492,0.359375" texCoordMaxs="0.757813,0.429688" ttfA="0.0277778" ttfB="0.402778" ttfC="0.0277778"/>
	<Glyph ucsIndex="143" sheet="0" texCoordMins="0.773438,0.359375" texCoordMaxs="0.813477,0.429688" ttfA="0.0972222" ttfB="0.569444" ttfC="0.0972222"/>
	<Glyph ucsIndex="144" sheet="0" texCoordMins="0.829102,0.359375" texCoordMaxs="0.869141,0.429688" ttfA="0.0972222" ttfB="0.569444" ttfC="0.0972222"/>
	<Glyph ucsIndex="145" sheet="0" texCoordMins="0.884766,0.359375" texCoordMaxs="0.895508,0.429688" ttfA="0.0833333" ttfB="0.152778" ttfC="0.0694444"/>
	<Glyph ucsIndex="146" sheet="0" texCoordMins="0.911133,0.359375" texCoordMaxs="0.921875,0.429688" ttfA="0.0694444" ttfB="0.152778" ttfC="0.0833333"/>
	<Glyph ucsIndex="147" sheet="0" texCoordMins="0.9375,0.359375" texCoordMaxs="0.960938,0.429688" ttfA="0.0833333" ttfB="0.333333" ttfC="0.0694444"/>
	<Glyph ucsIndex="148" sheet="0" texCoordMins="0.015625,0.445313" texCoordMaxs="0.0390625,0.515625" ttfA="0.0694444" ttfB="0.333333" ttfC="0.0833333"/>
	<Glyph ucsIndex="149" sheet="0" texCoordMins="0.0546875,0.445313" texCoordMaxs="0.0732422,0.515625" ttfA="0.0833333" ttfB="0.263889" ttfC="0.0833333"/>
	<Glyph ucsIndex="150" sheet="0" texCoordMins="0.0888672,0.445313" texCoordMaxs="0.105469,0.515625" ttfA="0.0277778" ttfB="0.236111" ttfC="0.0416667"/>
	<Glyph ucsIndex="151" sheet="0" texCoordMins="0.121094,0.445313" texCoordMaxs="0.160156,0.515625" ttfA="0.0277778" ttfB="0.555556" ttfC="0.0277778"/>
	<Glyph ucsIndex="152" sheet="0" texCoordMins="0.175781,0.445313" texCoordMaxs="0.196289,0.515625" ttfA="0.0972222" ttfB="0.291667" ttfC="0.0972222"/>
	<Glyph ucsIndex="153" sheet="0" texCoordMins="0.211914,0.445313" texCoordMaxs="0.24707,0.515625" ttfA="0.0555556" ttfB="0.5" ttfC="-0.0138889"/>
	<Glyph ucsIndex="154" sheet="0" texCoordMins="0.262695,0.445313" texCoordMaxs="0.286133,0.515625" ttfA="0.0138889" ttfB="0.333333" ttfC="0.0138889"/>
	<Glyph ucsIndex="155" sheet="0" texCoordMins="0.301758,0.445313" texCoordMaxs="0.314453,0.515625" ttfA="0.0694444" ttfB="0.180556" ttfC="0.0555556"/>
	<Glyph ucsIndex="156" sheet="0" texCoordMins="0.330078,0.445313" texCoordMaxs="0.380859,0.515625" ttfA="0.0138889" ttfB="0.722222" ttfC="0.0138889"/>
	<Glyph ucsIndex="157" sheet="0" texCoordMins="0.396484,0.445313" texCoordMaxs="0.436523,0.515625" ttfA="0.0972222" ttfB="0.569444" ttfC="0.0972222"/>
	<Glyph ucsIndex="158" sheet="0" texCoordMins="0.452148,0.445313" texCoordMaxs="0.479492,0.515625" ttfA="0.0277778" ttfB="0.388889" ttfC="0.0277778"/>
	<Glyph ucsIndex="159" sheet="0" texCoordMins="0.495117,0.445313" texCoordMaxs="0.530273,0.515625" ttfA="0" ttfB="0.5" ttfC="0.0138889"/>
	<Glyph ucsIndex="160" sheet="0" texCoordMins="0.545898,0.445313" texCoordMaxs="0.547852,0.515625" ttfA="0" ttfB="0.0277778" ttfC="0.222222"/>
	<Glyph ucsIndex="161" sheet="0" texCoordMins="0.563477,0.445313" texCoordMaxs="0.573242,0.515625" ttfA="0.0833333" ttfB="0.138889" ttfC="0.0833333"/>
	<Glyph ucsIndex="162" sheet="0" texCoordMins="0.588867,0.445313" texCoordMaxs="0.609375,0.515625" ttfA="0.0833333" ttfB="0.291667" ttfC="0.111111"/>
	<Glyph ucsIndex="163" sheet="0" texCoordMins="0.625,0.445313" texCoordMaxs="0.652344,0.515625" ttfA="0.0277778" ttfB="0.388889" ttfC="0.0138889"/>
	<Glyph ucsIndex="164" sheet="0" texCoordMins="0.667969,0.445313" texCoordMaxs="0.697266,0.515625" ttfA="0.0277778" ttfB="0.416667" ttfC="0.0416667"/>
	<Glyph ucsIndex="165" sheet="0" texCoordMins="0.712891,0.445313" texCoordMaxs="0.748047,0.515625" ttfA="0" ttfB="0.5" ttfC="0"/>
	<Glyph ucsIndex="166" sheet="0" texCoordMins="0.763672,0.445313" texCoordMaxs="0.770508,0.515625" ttfA="0.194444" ttfB="0.0972222" ttfC="0.194444"/>
	<Glyph ucsIndex="167" sheet="0" texCoordMins="0.786133,0.445313" texCoordMaxs="0.811523,0.515625" ttfA="0.0277778" ttfB="0.361111" ttfC="0"/>
	<Glyph ucsIndex="168" sheet="0" texCoordMins="0.827148,0.445313" texCoordMaxs="0.852539,0.515625" ttfA="0.0555556" ttfB="0.361111" ttfC="0.0694444"/>
	<Glyph ucsIndex="169" sheet="0" texCoordMins="0.868164,0.445313" texCoordMaxs="0.908203,0.515625" ttfA="0.0277778" ttfB="0.569444" ttfC="0"/>
	<Glyph ucsIndex="170" sheet="0" texCoordMins="0.923828,0.445313" texCoordMaxs="0.942383,0.515625" ttfA="0.0555556" ttfB="0.263889" ttfC="0.0416667"/>
	<Glyph ucsIndex="171" sheet="0" texCoordMins="0.958008,0.445313" texCoordMaxs="0.984375,0.515625" ttfA="0.0277778" ttfB="0.375" ttfC="0.0833333"/>
	<Glyph ucsIndex="172" sheet="0" texCoordMins="0.015625,0.53125" texCoordMaxs="0.0410156,0.601563" ttfA="0.0694444" ttfB="0.361111" ttfC="0.0555556"/>
	<Glyph ucsIndex="173" sheet="0" texCoordMins="0.0566406,0.53125" texCoordMaxs="0.0722656,0.601563" ttfA="0.0416667" ttfB="0.222222" ttfC="0.0416667"/>
	<Glyph ucsIndex="174" sheet="0" texCoordMins="0.0878906,0.53125" texCoordMaxs="0.12793,0.601563" ttfA="0.0277778" ttfB="0.569444" ttfC="0"/>
	<Glyph ucsIndex="175" sheet="0" texCoordMins="0.143555,0.53125" texCoordMaxs="0.177734,0.601563" ttfA="0" ttfB="0.486111" ttfC="0"/>
	<Glyph ucsIndex="176" sheet="0" texCoordMins="0.193359,0.53125" texCoordMaxs="0.208008,0.601563" ttfA="0.152778" ttfB="0.208333" ttfC="0.125"/>
	<Glyph ucsIndex="177" sheet="0" texCoordMins="0.223633,0.53125" texCoordMaxs="0.25,0.601563" ttfA="0.0694444" ttfB="0.375" ttfC="0.0416667"/>
	<Glyph ucsIndex="178" sheet="0" texCoordMins="0.265625,0.53125" texCoordMaxs="0.28418,0.601563" ttfA="0.0416667" ttfB="0.263889" ttfC="0.0694444"/>
	<Glyph ucsIndex="179" sheet="0" texCoordMins="0.299805,0.53125" texCoordMaxs="0.316406,0.601563" ttfA="0.0555556" ttfB="0.236111" ttfC="0.0833333"/>
	<Glyph ucsIndex="180" sheet="0" texCoordMins="0.332031,0.53125" texCoordMaxs="0.344727,0.601563" ttfA="0.152778" ttfB="0.180556" ttfC="0.152778"/>
	<Glyph ucsIndex="181" sheet="0" texCoordMins="0.360352,0.53125" texCoordMaxs="0.387695,0.601563" ttfA="0.0416667" ttfB="0.388889" ttfC="0.0277778"/>
	<Glyph ucsIndex="182" sheet="0" texCoordMins="0.40332,0.53125" texCoordMaxs="0.425781,0.601563" ttfA="0.0555556" ttfB="0.319444" ttfC="0.0555556"/>
	<Glyph ucsIndex="183" sheet="0" texCoordMins="0.441406,0.53125" texCoordMaxs="0.452148,0.601563" ttfA="0.0833333" ttfB="0.152778" ttfC="0.0694444"/>
	<Glyph ucsIndex="184" sheet="0" texCoordMins="0.467773,0.53125" texCoordMaxs="0.479492,0.601563" ttfA="0.166667" ttfB="0.166667" ttfC="0.152778"/>
	<Glyph ucsIndex="185" sheet="0" texCoordMins="0.495117,0.53125" texCoordMaxs="0.505859,0.601563" ttfA="0.0972222" ttfB="0.152778" ttfC="0.125"/>
	<Glyph ucsIndex="186" sheet="0" texCoordMins="0.521484,0.53125" texCoordMaxs="0.540039,0.601563" ttfA="0.0416667" ttfB="0.263889" ttfC="0.0555556"/>
	<Glyph ucsIndex="187" sheet="0" texCoordMins="0.555664,0.53125" texCoordMaxs="0.582031,0.601563" ttfA="0.0555556" ttfB="0.375" ttfC="0.0555556"/>
	<Glyph ucsIndex="188" sheet="0" texCoordMins="0.597656,0.53125" texCoordMaxs="0.639648,0.601563" ttfA="0.0416667" ttfB="0.597222" ttfC="0.0277778"/>
	<Glyph ucsIndex="189" sheet="0" texCoordMins="0.655273,0.53125" texCoordMaxs="0.698242,0.601563" ttfA="0.0416667" ttfB="0.611111" ttfC="0.0138889"/>
	<Glyph ucsIndex="190" sheet="0" texCoordMins="0.713867,0.53125" texCoordMaxs="0.757813,0.601563" ttfA="0.0277778" ttfB="0.625" ttfC="0.0138889"/>
	<Glyph ucsIndex="191" sheet="0" texCoordMins="0.773438,0.53125" texCoordMaxs="0.793945,0.601563" ttfA="0.0416667" ttfB="0.291667" ttfC="0.0277778"/>
	<Glyph ucsIndex="192" sheet="0" texCoordMins="0.80957,0.53125" texCoordMaxs="0.84668,0.601563" ttfA="0" ttfB="0.527778" ttfC="0"/>
	<Glyph ucsIndex="193" sheet="0" texCoordMins="0.862305,0.53125" texCoordMaxs="0.899414,0.601563" ttfA="0" ttfB="0.527778" ttfC="0"/>
	<Glyph ucsIndex="194" sheet="0" texCoordMins="0.915039,0.53125" texCoordMaxs="0.952148,0.601563" ttfA="0" ttfB="0.527778" ttfC="0"/>
	<Glyph ucsIndex="195" sheet="0" texCoordMins="0.015625,0.617188" texCoordMaxs="0.0527344,0.6875" ttfA="0" ttfB="0.527778" ttfC="0"/>
	<Glyph ucsIndex="196" sheet="0" texCoordMins="0.0683594,0.617188" texCoordMaxs="0.105469,0.6875" ttfA="0" ttfB="0.527778" ttfC="0"/>
	<Glyph ucsIndex="197" sheet="0" texCoordMins="0.121094,0.617188" texCoordMaxs="0.157227,0.6875" ttfA="0.0138889" ttfB="0.513889" ttfC="0"/>
	<Glyph ucsIndex="198" sheet="0" texCoordMins="0.172852,0.617188" texCoordMaxs="0.224609,0.6875" ttfA="0" ttfB="0.736111" ttfC="0.0277778"/>
	<Glyph ucsIndex="199" sheet="0" texCoordMins="0.240234,0.617188" texCoordMaxs="0.271484,0.6875" ttfA="0.0277778" ttfB="0.444444" ttfC="0.0277778"/>
	<Glyph ucsIndex="200" sheet="0" texCoordMins="0.287109,0.617188" texCoordMaxs="0.313477,0.6875" ttfA="0.0555556" ttfB="0.375" ttfC="0.0416667"/>
	<Glyph ucsIndex="201" sheet="0" texCoordMins="0.329102,0.617188" texCoordMaxs="0.355469,0.6875" ttfA="0.0555556" ttfB="0.375" ttfC="0.0416667"/>
	<Glyph ucsIndex="202" sheet="0" texCoordMins="0.371094,0.617188" texCoordMaxs="0.397461,0.6875" ttfA="0.0555556" ttfB="0.375" ttfC="0.0416667"/>
	<Glyph ucsIndex="203" sheet="0" texCoordMins="0.413086,0.617188" texCoordMaxs="0.439453,0.6875" ttfA="0.0555556" ttfB="0.375" ttfC="0.0416667"/>
	<Glyph ucsIndex="204" sheet="0" texCoordMins="0.455078,0.617188" texCoordMaxs="0.46875,0.6875" ttfA="0" ttfB="0.194444" ttfC="0.0555556"/>
	<Glyph ucsIndex="205" sheet="0" texCoordMins="0.484375,0.617188" texCoordMaxs="0.498047,0.6875" ttfA="0.0555556" ttfB="0.194444" ttfC="0"/>
	<Glyph ucsIndex="206" sheet="0" texCoordMins="0.513672,0.617188" texCoordMaxs="0.537109,0.6875" ttfA="-0.0416667" ttfB="0.333333" ttfC="-0.0277778"/>
	<Glyph ucsIndex="207" sheet="0" texCoordMins="0.552734,0.617188" texCoordMaxs="0.578125,0.6875" ttfA="-0.0555556" ttfB="0.361111" ttfC="-0.0416667"/>
	<Glyph ucsIndex="208" sheet="0" texCoordMins="0.59375,0.617188" texCoordMaxs="0.62793,0.6875" ttfA="0" ttfB="0.486111" ttfC="0.0416667"/>
	<Glyph ucsIndex="209" sheet="0" texCoordMins="0.643555,0.617188" texCoordMaxs="0.674805,0.6875" ttfA="0.0555556" ttfB="0.444444" ttfC="0.0555556"/>
	<Glyph ucsIndex="210" sheet="0" texCoordMins="0.69043,0.617188" texCoordMaxs="0.727539,0.6875" ttfA="0.0277778" ttfB="0.527778" ttfC="0.0277778"/>
	<Glyph ucsIndex="211" sheet="0" texCoordMins="0.743164,0.617188" texCoordMaxs="0.780273,0.6875" ttfA="0.0277778" ttfB="0.527778" ttfC="0.0277778"/>
	<Glyph ucsIndex="212" sheet="0" texCoordMins="0.795898,0.617188" texCoordMaxs="0.833008,0.6875" ttfA="0.0277778" ttfB="0.527778" ttfC="0.0277778"/>
	<Glyph ucsIndex="213" sheet="0" texCoordMins="0.848633,0.617188" texCoordMaxs="0.885742,0.6875" ttfA="0.0277778" ttfB="0.527778" ttfC="0.0277778"/>
	<Glyph ucsIndex="214" sheet="0" texCoordMins="0.901367,0.617188" texCoordMaxs="0.938477,0.6875" ttfA="0.0277778" ttfB="0.527778" ttfC="0.0277778"/>
	<Glyph ucsIndex="215" sheet="0" texCoordMins="0.954102,0.617188" texCoordMaxs="0.980469,0.6875" ttfA="0.0555556" ttfB="0.375" ttfC="0.0555556"/>
	<Glyph ucsIndex="216" sheet="0" texCoordMins="0.015625,0.703125" texCoordMaxs="0.0527344,0.773438" ttfA="0.0277778" ttfB="0.527778" ttfC="0.0138889"/>
	<Glyph ucsIndex="217" sheet="0" texCoordMins="0.0683594,0.703125" texCoordMaxs="0.0986328,0.773438" ttfA="0.0555556" ttfB="0.430556" ttfC="0.0694444"/>
	<Glyph ucsIndex="218" sheet="0" texCoordMins="0.114258,0.703125" texCoordMaxs="0.144531,0.773438" ttfA="0.0555556" ttfB="0.430556" ttfC="0.0694444"/>
	<Glyph ucsIndex="219" sheet="0" texCoordMins="0.160156,0.703125" texCoordMaxs="0.19043,0.773438" ttfA="0.0555556" ttfB="0.430556" ttfC="0.0694444"/>
	<Glyph ucsIndex="220" sheet="0" texCoordMins="0.206055,0.703125" texCoordMaxs="0.236328,0.773438" ttfA="0.0555556" ttfB="0.430556" ttfC="0.0694444"/>
	<Glyph ucsIndex="221" sheet="0" texCoordMins="0.251953,0.703125" texCoordMaxs="0.287109,0.773438" ttfA="0" ttfB="0.5" ttfC="0.0138889"/>
	<Glyph ucsIndex="222" sheet="0" texCoordMins="0.302734,0.703125" texCoordMaxs="0.330078,0.773438" ttfA="0.0416667" ttfB="0.388889" ttfC="0.0277778"/>
	<Glyph ucsIndex="223" sheet="0" texCoordMins="0.345703,0.703125" texCoordMaxs="0.373047,0.773438" ttfA="0.0416667" ttfB="0.388889" ttfC="0.0277778"/>
	<Glyph ucsIndex="224" sheet="0" texCoordMins="0.388672,0.703125" texCoordMaxs="0.416016,0.773438" ttfA="0.0277778" ttfB="0.388889" ttfC="0.0277778"/>
	<Glyph ucsIndex="225" sheet="0" texCoordMins="0.431641,0.703125" texCoordMaxs="0.458984,0.773438" ttfA="0.0277778" ttfB="0.388889" ttfC="0.0277778"/>
	<Glyph ucsIndex="226" sheet="0" texCoordMins="0.474609,0.703125" texCoordMaxs="0.501953,0.773438" ttfA="0.0277778" ttfB="0.388889" ttfC="0.0277778"/>
	<Glyph ucsIndex="227" sheet="0" texCoordMins="0.517578,0.703125" texCoordMaxs="0.544922,0.773438" ttfA="0.0277778" ttfB="0.388889" ttfC="0.0277778"/>
	<Glyph ucsIndex="228" sheet="0" texCoordMins="0.560547,0.703125" texCoordMaxs="0.587891,0.773438" ttfA="0.0277778" ttfB="0.388889" ttfC="0.0277778"/>
	<Glyph ucsIndex="229" sheet="0" texCoordMins="0.603516,0.703125" texCoordMaxs="0.630859,0.773438" ttfA="0.0277778" ttfB="0.388889" ttfC="0.0277778"/>
	<Glyph ucsIndex="230" sheet="0" texCoordMins="0.646484,0.703125" texCoordMaxs="0.694336,0.773438" ttfA="0.0138889" ttfB="0.680556" ttfC="0.0138889"/>
	<Glyph ucsIndex="231" sheet="0" texCoordMins="0.709961,0.703125" texCoordMaxs="0.736328,0.773438" ttfA="0.0277778" ttfB="0.375" ttfC="0.0277778"/>
	<Glyph ucsIndex="232" sheet="0" texCoordMins="0.751953,0.703125" texCoordMaxs="0.78125,0.773438" ttfA="0.0277778" ttfB="0.416667" ttfC="0.0277778"/>
	<Glyph ucsIndex="233" sheet="0" texCoordMins="0.796875,0.703125" texCoordMaxs="0.826172,0.773438" ttfA="0.0277778" ttfB="0.416667" ttfC="0.0277778"/>
	<Glyph ucsIndex="234" sheet="0" texCoordMins="0.841797,0.703125" texCoordMaxs="0.871094,0.773438" ttfA="0.0277778" ttfB="0.416667" ttfC="0.0277778"/>
	<Glyph ucsIndex="235" sheet="0" texCoordMins="0.886719,0.703125" texCoordMaxs="0.916016,0.773438" ttfA="0.0277778" ttfB="0.416667" ttfC="0.0277778"/>
	<Glyph ucsIndex="236" sheet="0" texCoordMins="0.931641,0.703125" texCoordMaxs="0.945313,0.773438" ttfA="0" ttfB="0.194444" ttfC="0.0555556"/>
	<Glyph ucsIndex="237" sheet="0" texCoordMins="0.960938,0.703125" texCoordMaxs="0.976563,0.773438" ttfA="0.0277778" ttfB="0.222222" ttfC="0"/>
	<Glyph ucsIndex="238" sheet="0" texCoordMins="0.015625,0.789063" texCoordMaxs="0.0390625,0.859375" ttfA="-0.0138889" ttfB="0.333333" ttfC="-0.0416667"/>
	<Glyph ucsIndex="239" sheet="0" texCoordMins="0.0546875,0.789063" texCoordMaxs="0.0800781,0.859375" ttfA="-0.0277778" ttfB="0.361111" ttfC="-0.0555556"/>
	<Glyph ucsIndex="240" sheet="0" texCoordMins="0.0957031,0.789063" texCoordMaxs="0.125,0.859375" ttfA="0.0277778" ttfB="0.416667" ttfC="0.0277778"/>
	<Glyph ucsIndex="241" sheet="0" texCoordMins="0.140625,0.789063" texCoordMaxs="0.167969,0.859375" ttfA="0.0555556" ttfB="0.388889" ttfC="0.0416667"/>
	<Glyph ucsIndex="242" sheet="0" texCoordMins="0.183594,0.789063" texCoordMaxs="0.212891,0.859375" ttfA="0.0277778" ttfB="0.416667" ttfC="0.0277778"/>
	<Glyph ucsIndex="243" sheet="0" texCoordMins="0.228516,0.789063" texCoordMaxs="0.257813,0.859375" ttfA="0.0277778" ttfB="0.416667" ttfC="0.0277778"/>
	<Glyph ucsIndex="244" sheet="0" texCoordMins="0.273438,0.789063" texCoordMaxs="0.302734,0.859375" ttfA="0.0277778" ttfB="0.416667" ttfC="0.0277778"/>
	<Glyph ucsIndex="245" sheet="0" texCoordMins="0.318359,0.789063" texCoordMaxs="0.347656,0.859375" ttfA="0.0277778" ttfB="0.416667" ttfC="0.0277778"/>
	<Glyph ucsIndex="246" sheet="0" texCoordMins="0.363281,0.789063" texCoordMaxs="0.392578,0.859375" ttfA="0.0277778" ttfB="0.416667" ttfC="0.0277778"/>
	<Glyph ucsIndex="247" sheet="0" texCoordMins="0.408203,0.789063" texCoordMaxs="0.433594,0.859375" ttfA="0.0694444" ttfB="0.361111" ttfC="0.0555556"/>
	<Glyph ucsIndex="248" sheet="0" texCoordMins="0.449219,0.789063" texCoordMaxs="0.478516,0.859375" ttfA="0.0277778" ttfB="0.416667" ttfC="0.0277778"/>
	<Glyph ucsIndex="249" sheet="0" texCoordMins="0.494141,0.789063" texCoordMaxs="0.521484,0.859375" ttfA="0.0555556" ttfB="0.388889" ttfC="0.0416667"/>
	<Glyph ucsIndex="250" sheet="0" texCoordMins="0.537109,0.789063" texCoordMaxs="0.564453,0.859375" ttfA="0.0555556" ttfB="0.388889" ttfC="0.0416667"/>
	<Glyph ucsIndex="251" sheet="0" texCoordMins="0.580078,0.789063" texCoordMaxs="0.607422,0.859375" ttfA="0.0555556" ttfB="0.388889" ttfC="0.0416667"/>
	<Glyph ucsIndex="252" sheet="0" texCoordMins="0.623047,0.789063" texCoordMaxs="0.650391,0.859375" ttfA="0.0555556" ttfB="0.388889" ttfC="0.0416667"/>
	<Glyph ucsIndex="253" sheet="0" texCoordMins="0.666016,0.789063" texCoordMaxs="0.697266,0.859375" ttfA="0" ttfB="0.444444" ttfC="0"/>
	<Glyph ucsIndex="254" sheet="0" texCoordMins="0.712891,0.789063" texCoordMaxs="0.741211,0.859375" ttfA="0.0416667" ttfB="0.402778" ttfC="0.0416667"/>
	<Glyph ucsIndex="255" sheet="0" texCoordMins="0.756836,0.789063" texCoordMaxs="0.788086,0.859375" ttfA="0" ttfB="0.444444" ttfC="0"/>
</FontDefinition>
